USE 'mydb'; 
INSERT INTO User(firstName, lastName, email, password) VALUES
	("Jane", "Doe", "jane@smu.edu", "mapple"),
	("Bob", "Doe", "bob@smu.edu", "bacon"),
	("Matt", "Doe", "matt@smu.edu", "salt");
INSERT INTO Coordinates(x,y,z) VALUES
	(32.842523,	-96.782923,	3),
	(32.842545,	-96.783167,	3),
	(32.842473,	-96.783115,	3),
	(32.842617,	-96.783127,	3),
	(32.842630,	-96.783196,	3),
	(32.842660,	-96.783128,	3),
	(32.842680,	-96.783081,	3),
	(32.842703,	-96.783039,	3),
	(32.842657,	-96.783015,	3),
	(32.842779,	-96.782996,	3),
	(32.842764,	-96.783040,	3),
	(32.842734,	-96.783013,	3),
	(32.842774,	-96.782852,	3),
	(32.842831,	-96.782786,	3),
	(32.842823,	-96.782808,	3),
	(32.842830,	-96.782788,	3),
	(32.842764,	-96.782803,	3),
	(32.842670,	-96.782628,	3),
	(32.842884,	-96.782887,	3),
	(32.842760,	-96.782810,	3),
	(32.842642,	-96.783186,	4),
	(32.842447,	-96.782778,	4),
	(32.842747,	-96.783078,	4),
	(32.842734,	-96.783104,	4),
	(32.842708,	-96.783112,	4),
	(32.842677,	-96.783192,	4),
	(32.842966,	-96.782228,	4),
	(32.842983,	-96.783342,	4),
	(32.842993,	-96.783490,	4),
	(32.842970,	-96.783453,	4),
	(32.843143,	-96.783242,	4),
	(32.843109,	-96.783220,	4),
	(32.843054,	-96.783127,	4),
	(32.843050,	-96.783126,	4),
	(32.843036,	-96.783122,	4),
	(32.843025,	-96.783097,	4),
	(32.843006,	-96.783047,	4),
	(32.842923,	-96.782794,	4),
	(32.843014,	-96.782773,	4),
	(32.843014,	-96.782773,	4),
	(32.843059,	-96.782896,	4),
	(32.843048,	-96.782584,	4),
	(32.842777,	-96.782737,	4),
	(32.842705,	-96.782315,	4),
	(32.842740,	-96.782487,	4),
	(32.842750,	-96.782477,	4),
	(32.842738,	-96.783023,	4),
	(32.842548,	-96.783151,	1),
	(32.842548,	-96.783151,	1),
	(32.842677,	-96.783156,	1),
	(32.842677,	-96.783156,	1),
	(32.842682,	-96.783153,	1),
	(32.842691,	-96.783148,	1),
	(32.842694,	-96.783146,	1),
	(32.842703,	-96.783141,	1),
	(32.842708,	-96.783138,	1),
	(32.842688,	-96.783150,	1),
	(32.842688,	-96.783150,	1),
	(32.842682,	-96.783153,	1),
	(32.842682,	-96.783153,	1),
	(32.842685,	-96.783152,	2),
	(32.842681,	-96.783154,	2),
	(32.842674,	-96.783154,	2),
	(32.842525,	-96.783247,	2),
	(32.842529,	-96.783244,	2),
	(32.842531,	-96.783243,	2),
	(32.842631,	-96.783124,	2),
	(32.842563,	-96.783226,	2),
	(32.842545,	-96.783226,	2),
	(32.842545,	-96.783226,	2),
	(32.842488,	-96.783060,	2),
	(32.842835,	-96.782967,	2),
	(32.842639,	-96.783091,	2),
	(32.842639,	-96.783084,	2),
	(32.842639,	-96.783080,	2),
	(32.842639,	-96.783075,	2),
	(32.842641,	-96.783075,	2),
	(32.842897,	-96.782854,	2),
	(32.843002,	-96.782870,	2),
	(32.843002,	-96.782870,	2),
	(32.842704,	-96.782999,	2),
	(32.842846,	-96.782958,	2),
	(32.842846,	-96.782958,	2),
	(32.847250,	-96.783021,	2),
	(32.847250,	-96.783021,	2);
INSERT INTO Location(buildingName, roomName, roomNumber, Coordinates_idCoordinates) VALUES 
	("Caruth", NULL, 314, 1),
	("Caruth", NULL, 308, 2),
	("Caruth", "Janitor's Closet", 312, 3),
	("Caruth", "Conference Room", 306, 4),
	("Caruth", "Break Room", 320, 5),
	("Caruth", "Stairs", 303, 6),
	("Caruth", "Elevator", 301, 7),
	("Caruth", "Systems of Engineering Office", NULL, 8),
	("Caruth", "Electrical Closet", NULL, 9),
	("Caruth", "Lyle Graduate School Office", 353, 10),
	("Caruth", "Cullum Conference Room", 347, 11),
	("Caruth", "EMIS office", 337, 12),
	("Caruth", "Control Room", 369, 13),
	("Caruth", "TA/RA", 373, 14),
	("Caruth", "Stairs", 302, 15),
	("Caruth", "I.D.F.", 374, 16),
	("Caruth", "TA/RA", 372, 17),
	("Caruth", NULL, 384, 18),
	("Caruth", NULL, 383, 19),
	("Caruth", NULL, 379, 20),
	("Caruth", NULL, 406, 21),
	("Caruth", "Chair Storage", 412, 22),
	("Caruth", "Mark Fontenot Office", 441, 23),
	("Caruth", "Tyler Moore Office", 439, 24),
	("Caruth", "Don Evans Office", 435, 25),
	("Caruth", "Suku Nair Office", 433, 26),
	("Caruth", "Maryanne Anderson Office", 431, 27),
	("Caruth", "Jeff Tian Office ", 425, 28),
	("Caruth", "LiGuo Huang Office", 421, 29),
	("Caruth", "Fred Chnag Office", 419, 30),
	("Caruth", "Ira Greenber Office", 549, 31),
	("Caruth", "Eric Larson Office", 451, 32),
	("Caruth", "Todd Wright Office", 455, 33),
	("Caruth", "David Matula Office", 457, 34),
	("Caruth", "Frank Coyle Office", 459, 35),
	("Caruth", "Daniel Engels Office", 461, 36),
	("Caruth", "Doug Tucker Office", 467, 37),
	("Caruth", "Merlin Wilkerson Office", 473, 38),
	("Caruth", "Theodore Manikas Office", 477, 39),
	("Caruth", "Jennifer Dworak Office", 479, 40),
	("Caruth", "Mitch Thornton Office", 481, 41),
	("Caruth", "Steve Szygenda Office", 483, 42),
	("Caruth", "Lab", 485, 43),
	("Caruth", "Lab", 484, 44),
	("Caruth", NULL, 472, 45),
	("Caruth", NULL, 469, 46),
	("Caruth", "Offices", 400, 47),
	("Caruth", "Janitor's Closet", 120, 48),
	("Caruth", NULL, 116, 49),
	("Caruth", "Innovation Gym", 106, 50),
	("Caruth", NULL, 136, 51),
	("Caruth", NULL, 135, 52),
	("Caruth", "Vester-Hughes", 147, 53),
	("Caruth", NULL, 157, 54),
	("Caruth", NULL, 156, 55),
	("Caruth", NULL, 159, 56),
	("Caruth", NULL, 161, 57),
	("Caruth", NULL, 176, 58),
	("Caruth", NULL, 183, 59),
	("Caruth", NULL, 184, 60),
	("Caruth", NULL, 266, 61),
	("Caruth", NULL, 256, 62),
	("Caruth", "Mary Alice and Mark Sheperd Jr. Atrium", NULL, 63),
	("Caruth", "Hart Center", NULL, 64),
	("Caruth", NULL, 239, 65),
	("Caruth", NULL, 235, 66),
	("Caruth", NULL, 233, 67),
	("Caruth", NULL, 231, 68),
	("Caruth", NULL, 221, 69),
	("Caruth", NULL, 219, 70),
	("Caruth", "Hunt Institute for Eng. and Humanity", NULL, 71),
	("Caruth", NULL, 251, 72),
	("Caruth", NULL, 255, 73),
	("Caruth", NULL, 257, 74),
	("Caruth", NULL, 259, 75),
	("Caruth", NULL, 261, 76),
	("Caruth", NULL, 267, 77),
	("Caruth", NULL, 269, 78),
	("Caruth", NULL, 271, 79),
	("Caruth", NULL, 273, 80),
	("Caruth", NULL, 279, 81),
	("Caruth", NULL, 270, 82),
	("Caruth", NULL, 268, 83),
	("Caruth", NULL, 284, 84),
	("Caruth", NULL, 272, 85);
INSERT INTO Favorites(User_idUser,Location_idLocation) VALUES 
	(1,2),
	(1,3),
	(1,4),
	(2,5);
INSERT INTO Classes(User_idUser, classTime, day, Location_idLocation) VALUES
	(1,'9999-12-31 23:59:59','MWF',2),
	(1,'9999-12-31 23:59:59','TH',3),
	(1,'9999-12-31 23:59:59','MW',4),
	(2,'9999-12-31 23:59:59','MWF',3),
	(2,'9999-12-31 23:59:59','TH',4),
	(2,'9999-12-31 23:59:59','MW',5);
INSERT INTO Event(Location_idLocation, name, description, eventDateTime) VALUES
	(1,'Meeting','codejam will be having their weekly meeting', '9999-12-31 23:59:59'),
	(2,'Food','Someone is giving free food', '9999-12-31 23:59:59'),
	(3,'Tour','Tour of our school is occuring', '9999-12-31 23:59:59'),
	(4,'Meeting','codejam will be having their weakly meeting', '9999-12-31 23:59:59'),
	(5,'Tour','Something else that\'s going on', '9999-12-31 23:59:59');


